BAY_SEG,MAJOR_BASIN,BASIN,YEAR,MONTH,SOURCE,h2oload (m3/month),tnload (kg/month),tpload (kg/month),BODLOAD (kg/month),tssload (kg/month)
1,Coastal OTB,LTARPON,1992,1,NPS,12379.40594,16.56860408,4.453160926,NA,371.1022406
1,Coastal OTB,LTARPON,1992,2,NPS,436027.4292,506.4416625,156.8492317,NA,13070.96292
1,Coastal OTB,LTARPON,1992,3,NPS,449977.0111,627.5845842,161.8672215,NA,13489.13493
1,Coastal OTB,LTARPON,1992,4,NPS,55977.6264,83.41352418,20.13645727,NA,1678.062961
1,Coastal OTB,LTARPON,1992,5,NPS,0,0,0,NA,0
1,Coastal OTB,LTARPON,1992,6,NPS,0,0,0,NA,0
1,Coastal OTB,LTARPON,1992,7,NPS,0,0,0,NA,0
1,Coastal OTB,LTARPON,1992,8,NPS,5313116.274,7013.69548,1886.23828,NA,164337.081
1,Coastal OTB,LTARPON,1992,9,NPS,7543617.323,9821.561764,2678.100579,NA,233327.4837
1,Coastal OTB,LTARPON,1992,10,NPS,23018521.7,30157.13367,8171.930474,NA,711973.2507
1,Coastal OTB,LTARPON,1992,11,NPS,1079441.014,1272.846099,388.3000984,NA,32358.82084
1,Coastal OTB,LTARPON,1992,12,NPS,2351823.226,3092.392544,846.0056441,NA,70501.51462
1,Coastal OTB,LTARPON,1993,1,NPS,4091825.501,4843.556351,1471.925029,NA,122662.2359
1,Coastal OTB,LTARPON,1993,2,NPS,1797474.662,2247.544298,646.5935417,NA,53883.59327
1,Coastal OTB,LTARPON,1993,3,NPS,4274685.641,5921.806714,1537.704084,NA,128143.9051
1,Coastal OTB,LTARPON,1993,4,NPS,2507515.048,3325.346573,902.0116222,NA,75168.74859
1,Coastal OTB,LTARPON,1993,5,NPS,25550.51806,33.94192318,9.191117027,NA,765.937764
1,Coastal OTB,LTARPON,1993,6,NPS,0,0,0,NA,0
1,Coastal OTB,LTARPON,1993,7,NPS,0,0,0,NA,0
1,Coastal OTB,LTARPON,1993,8,NPS,26510.16194,40.39052031,9.411516648,NA,819.9712568
1,Coastal OTB,LTARPON,1993,9,NPS,956478.6456,1311.820597,339.5646816,NA,29584.31559
1,Coastal OTB,LTARPON,1993,10,NPS,8058945.282,10475.17044,2861.049958,NA,249266.8097
1,Coastal OTB,LTARPON,1993,11,NPS,4699195.303,7142.557497,1690.410106,NA,140869.5954
1,Coastal OTB,LTARPON,1993,12,NPS,1459330.435,1810.173121,524.9551798,NA,43746.91297
1,Coastal OTB,LTARPON,1994,1,NPS,1886611.868,2285.390544,678.658273,NA,56555.69379
1,Coastal OTB,LTARPON,1994,2,NPS,803912.5209,1127.492994,289.186076,NA,24099.19662
1,Coastal OTB,LTARPON,1994,3,NPS,466794.7699,562.0505007,167.9169615,NA,13993.28739
1,Coastal OTB,LTARPON,1994,4,NPS,80346.9828,114.7665641,28.9026829,NA,2408.592585
1,Coastal OTB,LTARPON,1994,5,NPS,82097.53316,235.2665486,29.53239668,NA,2461.06951
1,Coastal OTB,LTARPON,1994,6,NPS,0,0,0,NA,0
1,Coastal OTB,LTARPON,1994,7,NPS,720500.6183,1122.086754,255.7888398,NA,22285.40885
1,Coastal OTB,LTARPON,1994,8,NPS,1937568.958,2830.509643,687.8668846,NA,59929.88112
1,Coastal OTB,LTARPON,1994,9,NPS,1364262.515,1776.717593,484.3342489,NA,42197.25446
1,Coastal OTB,LTARPON,1994,10,NPS,1768455.717,2608.974665,627.8290739,NA,54699.13236
1,Coastal OTB,LTARPON,1994,11,NPS,103208.6078,128.357771,37.12654241,NA,3093.924362
1,Coastal OTB,LTARPON,1994,12,NPS,265011.7742,327.2844295,95.33091361,NA,7944.360473
1,Coastal OTB,LTARPON,1995,1,NPS,1033299.664,890.0320508,253.2587647,4894.613665,22383.87521
1,Coastal OTB,LTARPON,1995,2,NPS,1107597.065,1038.42139,271.4688433,5246.551336,23993.3442
1,Coastal OTB,LTARPON,1995,3,NPS,926588.1529,888.288966,227.1040814,4389.134337,20072.23491
1,Coastal OTB,LTARPON,1995,4,NPS,1038936.805,1006.225639,254.6404116,4921.316108,22505.98989
1,Coastal OTB,LTARPON,1995,5,NPS,934035.7315,1970.162574,228.9294614,4424.412602,20233.56824
1,Coastal OTB,LTARPON,1995,6,NPS,3217027.061,2875.411003,788.4840458,15238.66228,69688.91486
1,Coastal OTB,LTARPON,1995,7,NPS,3654654.344,3636.660391,916.8946298,18195.52314,84865.12372
1,Coastal OTB,LTARPON,1995,8,NPS,8672721.246,9824.516872,2175.847778,43179.10402,201390.1979
1,Coastal OTB,LTARPON,1995,9,NPS,3034837.603,2891.825891,761.3924706,15109.62532,70472.29214
1,Coastal OTB,LTARPON,1995,10,NPS,12328482.06,11681.9248,3093.020003,61380.13596,286281.015
1,Coastal OTB,LTARPON,1995,11,NPS,5616235.459,4911.409741,1376.523098,26603.41794,121661.8161
1,Coastal OTB,LTARPON,1995,12,NPS,1797896.634,1514.369529,440.6592747,8516.415652,38946.97279
1,Coastal OTB,LTARPON,1996,1,NPS,937924.7249,828.846442,229.8826425,4442.834286,20317.81364
1,Coastal OTB,LTARPON,1996,2,NPS,1377124.117,1138.627516,337.5291456,6523.267892,29831.97949
1,Coastal OTB,LTARPON,1996,3,NPS,3149044.289,3079.888565,771.8216647,14916.63624,68216.23667
1,Coastal OTB,LTARPON,1996,4,NPS,3255781.067,3551.540693,797.9825407,15422.23525,70528.4243
1,Coastal OTB,LTARPON,1996,5,NPS,1707565.838,1673.606573,418.5194575,8088.529762,36990.18007
1,Coastal OTB,LTARPON,1996,6,NPS,1522025.306,1514.141477,373.0440088,7209.647039,32970.90449
1,Coastal OTB,LTARPON,1996,7,NPS,1906968.875,1809.641892,478.4281511,9494.275798,44281.93046
1,Coastal OTB,LTARPON,1996,8,NPS,3150928.531,3182.435447,790.5178375,15687.61026,73168.05214
1,Coastal OTB,LTARPON,1996,9,NPS,1969099.135,2120.898519,494.0156448,9803.605347,45724.66394
1,Coastal OTB,LTARPON,1996,10,NPS,1667388.551,1612.168117,418.3212594,8301.470972,38718.60984
1,Coastal OTB,LTARPON,1996,11,NPS,1137134.502,938.5058241,278.7083837,5386.466545,24633.19952
1,Coastal OTB,LTARPON,1996,12,NPS,1151756.244,990.3481999,282.2921306,5455.727945,24949.94332
1,Coastal OTB,LTARPON,1997,1,NPS,998694.1201,840.6183579,244.7770458,4730.691452,21634.23191
1,Coastal OTB,LTARPON,1997,2,NPS,763798.9106,752.9637623,187.2049081,3618.021679,16545.80961
1,Coastal OTB,LTARPON,1997,3,NPS,763680.639,701.8826481,187.17592,3617.461441,16543.24754
1,Coastal OTB,LTARPON,1997,4,NPS,1554210.299,1421.493373,380.9324577,7362.1034,33668.11256
1,Coastal OTB,LTARPON,1997,5,NPS,1405825.378,1334.419094,344.5637417,6659.222241,30453.72115
1,Coastal OTB,LTARPON,1997,6,NPS,2416041.91,2245.892149,592.1648974,11444.49394,52337.55754
1,Coastal OTB,LTARPON,1997,7,NPS,1547871.96,1594.210779,388.3364482,7706.430596,35943.30215
1,Coastal OTB,LTARPON,1997,8,NPS,2670865.207,2660.001878,670.0775872,13297.50644,62020.44978
1,Coastal OTB,LTARPON,1997,9,NPS,5398558.921,4919.64447,1354.412543,26877.94645,125360.5205
1,Coastal OTB,LTARPON,1997,10,NPS,2765390.389,2666.195628,693.7924516,13768.12143,64215.42926
1,Coastal OTB,LTARPON,1997,11,NPS,6080672.902,4938.949621,1490.355375,28803.4011,131722.7018
1,Coastal OTB,LTARPON,1997,12,NPS,18441265.67,15264.25139,4519.90098,87354.01172,399484.2968
1,Coastal OTB,LTARPON,1998,1,NPS,13523853.54,11830.14335,3314.657463,64060.83411,292960.7555
1,Coastal OTB,LTARPON,1998,2,NPS,14361944.82,12370.65263,3520.071216,68030.76962,311115.925
1,Coastal OTB,LTARPON,1998,3,NPS,7455512.11,6712.599919,1827.324495,35315.84566,161505.1844
1,Coastal OTB,LTARPON,1998,4,NPS,2842839.726,3144.924945,696.7718102,13466.18281,61583.07402
1,Coastal OTB,LTARPON,1998,5,NPS,1013555.686,1252.3351,248.4195728,4801.088866,21956.17089
1,Coastal OTB,LTARPON,1998,6,NPS,683766.6656,812.9104397,167.5892358,3238.918759,14812.10945
1,Coastal OTB,LTARPON,1998,7,NPS,3466830.842,3438.312126,869.7727012,17260.40135,80503.65385
1,Coastal OTB,LTARPON,1998,8,NPS,2498673.159,2660.734497,626.8773418,12440.20938,58021.95961
1,Coastal OTB,LTARPON,1998,9,NPS,7000962.423,6484.370398,1756.430087,34855.87466,162570.1055
1,Coastal OTB,LTARPON,1998,10,NPS,1586620.669,1842.747533,398.057883,7899.34981,36843.09013
1,Coastal OTB,LTARPON,1998,11,NPS,1680487.376,1346.444748,411.8826048,7960.262413,36403.59234
1,Coastal OTB,LTARPON,1998,12,NPS,692513.0723,672.3692929,169.7329549,3280.349414,15001.57867
1,Coastal OTB,LTARPON,1999,1,NPS,1102516.415,957.3627947,274.1166078,5428.928915,25044.43567
1,Coastal OTB,LTARPON,1999,2,NPS,973016.9975,1139.690164,241.9194083,4791.257565,22102.76535
1,Coastal OTB,LTARPON,1999,3,NPS,989597.1325,1043.641321,246.0416965,4872.900227,22479.39477
1,Coastal OTB,LTARPON,1999,4,NPS,832556.9122,1056.180715,206.9970783,4099.614513,18912.11573
1,Coastal OTB,LTARPON,1999,5,NPS,980288.4545,1166.825995,243.7272972,4827.063131,22267.94161
1,Coastal OTB,LTARPON,1999,6,NPS,3036391.867,3027.445272,754.9324687,14951.57386,68973.77653
1,Coastal OTB,LTARPON,1999,7,NPS,3436788.672,4063.200599,877.0396015,17821.99648,83777.14125
1,Coastal OTB,LTARPON,1999,8,NPS,5026512.637,5388.498888,1282.723804,26065.75472,122529.1688
1,Coastal OTB,LTARPON,1999,9,NPS,4415541.434,4929.261046,1126.809085,22897.46953,107635.7826
1,Coastal OTB,LTARPON,1999,10,NPS,2230713.041,2302.103222,569.2592311,11567.70572,54377.14663
1,Coastal OTB,LTARPON,1999,11,NPS,1953579.2,1990.789094,485.7147669,9619.668665,44376.92533
1,Coastal OTB,LTARPON,1999,12,NPS,1026349.979,962.3546295,255.1794884,5053.875847,23314.26153
1,Coastal OTB,LTARPON,2000,1,NPS,843205.9535,834.7421924,209.6447296,4152.051726,19154.0162
1,Coastal OTB,LTARPON,2000,2,NPS,767950.8795,1017.129593,190.9342004,3781.486316,17444.54427
1,Coastal OTB,LTARPON,2000,3,NPS,688918.2482,722.8966278,171.2844641,3392.319741,15649.26247
1,Coastal OTB,LTARPON,2000,4,NPS,639346.7674,739.115866,158.9595989,3148.22356,14523.21142
1,Coastal OTB,LTARPON,2000,5,NPS,568166.7819,797.0500527,141.2622514,2797.724396,12906.308
1,Coastal OTB,LTARPON,2000,6,NPS,1791718.037,1953.795701,445.4715268,8822.644028,40700.1352
1,Coastal OTB,LTARPON,2000,7,NPS,8506629.053,9480.98036,2170.820282,44112.43388,207362.4921
1,Coastal OTB,LTARPON,2000,8,NPS,9956881.477,11299.26553,2540.912519,51632.94097,242714.6809
1,Coastal OTB,LTARPON,2000,9,NPS,10910912.91,11273.80642,2784.373328,56580.21778,265970.701
1,Coastal OTB,LTARPON,2000,10,NPS,0,0,0,0,0
1,Coastal OTB,LTARPON,2000,11,NPS,0,0,0,0,0
1,Coastal OTB,LTARPON,2000,12,NPS,0,0,0,0,0
1,Coastal OTB,LTARPON,2001,1,NPS,0,0,0,0,0
1,Coastal OTB,LTARPON,2001,2,NPS,0,0,0,0,0
1,Coastal OTB,LTARPON,2001,3,NPS,0,0,0,0,0
1,Coastal OTB,LTARPON,2001,4,NPS,164239.05,236.4231399,40.83444986,808.733653,3730.805518
1,Coastal OTB,LTARPON,2001,5,NPS,0,0,0,0,0
1,Coastal OTB,LTARPON,2001,6,NPS,190145.436,210.9295586,47.27550648,936.2999424,4319.287294
1,Coastal OTB,LTARPON,2001,7,NPS,12391401.48,12731.5549,3162.181576,64257.51907,302059.9436
1,Coastal OTB,LTARPON,2001,8,NPS,5257888.769,6084.0563,1341.76905,27265.59125,128169.3267
1,Coastal OTB,LTARPON,2001,9,NPS,11830938.27,13381.03986,3019.156073,61351.15086,288397.7694
1,Coastal OTB,LTARPON,2001,10,NPS,4136760.826,4188.275928,1055.666616,21451.80979,100840.0659
1,Coastal OTB,LTARPON,2001,11,NPS,587541.96,474.6255536,146.0794659,2893.1302,13346.42879
1,Coastal OTB,LTARPON,2001,12,NPS,0,0,0,0,0
1,Coastal OTB,LTARPON,2002,1,NPS,27517.788,31.3894692,6.841696505,135.5010347,625.0859056
1,Coastal OTB,LTARPON,2002,2,NPS,4694917.119,4367.146279,1167.288521,23118.35993,106648.3439
1,Coastal OTB,LTARPON,2002,3,NPS,873899.6911,942.0356229,217.2760566,4303.191534,19851.24603
1,Coastal OTB,LTARPON,2002,4,NPS,34409.6304,37.71190443,8.555202477,169.4373299,781.6389522
1,Coastal OTB,LTARPON,2002,5,NPS,0,0,0,0,0
1,Coastal OTB,LTARPON,2002,6,NPS,207994.812,197.9670017,51.71336368,1024.192505,4724.748421
1,Coastal OTB,LTARPON,2002,7,NPS,13324655.15,14235.11568,3400.340072,69097.04955,324809.4727
1,Coastal OTB,LTARPON,2002,8,NPS,13226291.65,13850.80865,3375.238534,68586.9705,322411.7075
1,Coastal OTB,LTARPON,2002,9,NPS,8161131.36,8775.638124,2082.652173,42320.80243,198940.4412
1,Coastal OTB,LTARPON,2002,10,NPS,6647932.916,7998.966106,1696.49664,34473.87906,162053.8439
1,Coastal OTB,LTARPON,2002,11,NPS,4722647.4,4318.32356,1174.183049,23254.90731,107278.2568
1,Coastal OTB,LTARPON,2002,12,NPS,22947484.06,20046.03306,5705.390329,112996.2857,521268.2377
1,Coastal OTB,LTARPON,2003,1,NPS,8522837.129,11816.40322,2119.017161,41967.5175,193602.2388
1,Coastal OTB,LTARPON,2003,2,NPS,6034523.413,5770.037589,1500.352345,29714.7491,137078.4429
1,Coastal OTB,LTARPON,2003,3,NPS,4649474.555,5166.862598,1155.99022,22894.59505,105616.0841
1,Coastal OTB,LTARPON,2003,4,NPS,2076973.224,2171.132532,516.3939939,10227.27629,47179.90736
1,Coastal OTB,LTARPON,2003,5,NPS,1757107.928,1851.362328,436.8664796,8652.219513,39913.94222
1,Coastal OTB,LTARPON,2003,6,NPS,12996428.16,13634.01173,3231.277786,63996.04003,295223.0049
1,Coastal OTB,LTARPON,2003,7,NPS,13610149.2,15306.45885,3473.195756,70577.52288,331768.8403
1,Coastal OTB,LTARPON,2003,8,NPS,20878491.88,21562.41136,5328.015757,108268.6322,508946.1501
1,Coastal OTB,LTARPON,2003,9,NPS,9968380.68,10443.23102,2543.847019,51692.57186,242994.9921
1,Coastal OTB,LTARPON,2003,10,NPS,3425928.619,4040.402207,874.2682073,17765.68001,83512.41035
1,Coastal OTB,LTARPON,2003,11,NPS,1010225.1,858.5198008,251.1703897,4974.474922,22947.97356
1,Coastal OTB,LTARPON,2003,12,NPS,868477.7032,701.569826,109.887649,4276.492987,19728.08176
1,Coastal OTB,LTARPON,2004,1,NPS,4084004.404,3772.254234,1026.908072,20642.64154,95584.18548
1,Coastal OTB,LTARPON,2004,2,NPS,8021960.938,7590.022048,2017.092937,40547.08265,187750.1899
1,Coastal OTB,LTARPON,2004,3,NPS,5023735.665,4317.482649,1263.200084,25392.5227,117578.1498
1,Coastal OTB,LTARPON,2004,4,NPS,2974152.276,2915.12109,747.8397859,15032.88274,69608.62298
1,Coastal OTB,LTARPON,2004,5,NPS,1413003.627,1328.012596,355.2946291,7142.041114,33070.6795
1,Coastal OTB,LTARPON,2004,6,NPS,56448.6516,60.38419406,14.19380839,285.3202801,1321.153909
1,Coastal OTB,LTARPON,2004,7,NPS,14729093.95,15370.78746,3799.718074,78385.61826,369911.8713
1,Coastal OTB,LTARPON,2004,8,NPS,18242662.05,18405.20947,4706.126048,97084.20273,458152.9099
1,Coastal OTB,LTARPON,2004,9,NPS,32286794.2,30877.58324,8329.142027,171824.5761,810862.399
1,Coastal OTB,LTARPON,2004,10,NPS,5444971.342,5222.38318,1404.659111,28977.16902,136747.0086
1,Coastal OTB,LTARPON,2004,11,NPS,5307710.28,5252.226635,1334.604469,26827.87526,124224.4409
1,Coastal OTB,LTARPON,2004,12,NPS,6230487.832,5230.18291,1566.633533,31492.06373,145821.6118
1,Coastal OTB,LTARPON,2005,1,NPS,8346502.568,7175.152141,2098.697751,42187.4816,195345.9327
1,Coastal OTB,LTARPON,2005,2,NPS,7099908.043,6578.287112,1785.246086,35886.55697,166169.9793
1,Coastal OTB,LTARPON,2005,3,NPS,9536460.968,8559.211831,2397.908468,48202.13836,223196.3445
1,Coastal OTB,LTARPON,2005,4,NPS,3807866.88,4483.79541,957.4742945,19246.90163,89121.31774
1,Coastal OTB,LTARPON,2005,5,NPS,7005400.258,8333.45414,1761.482447,35408.86641,163958.0694
1,Coastal OTB,LTARPON,2005,6,NPS,14552199.6,13072.47612,3659.097727,73554.23997,340587.3276
1,Coastal OTB,LTARPON,2005,7,NPS,15633558.3,15093.47469,4033.04604,83199.01665,392626.9208
1,Coastal OTB,LTARPON,2005,8,NPS,2947090.319,2653.994964,760.2716356,15683.8905,74014.30787
1,Coastal OTB,LTARPON,2005,9,NPS,14006.802,15.48788938,3.613385785,74.54170895,351.771966
1,Coastal OTB,LTARPON,2005,10,NPS,819823.759,800.0364221,211.4929245,4362.956229,20589.35477
1,Coastal OTB,LTARPON,2005,11,NPS,214266.8844,190.7520994,53.87662974,1083.014133,5014.814774
1,Coastal OTB,LTARPON,2005,12,NPS,811114.9908,775.7735169,203.951918,4099.78892,18983.76154
1,Coastal OTB,LTARPON,2006,1,NPS,762197.1445,720.919561,191.6517032,3852.533171,17838.86255
1,Coastal OTB,LTARPON,2006,2,NPS,4686868.963,4532.322093,1178.496175,23689.82655,109693.9445
1,Coastal OTB,LTARPON,2006,3,NPS,43351.91187,48.05100355,10.90068076,219.1226768,1014.63093
1,Coastal OTB,LTARPON,2006,4,NPS,0,0,0,0,0
1,Coastal OTB,LTARPON,2006,5,NPS,0,0,0,0,0
1,Coastal OTB,LTARPON,2006,6,NPS,0,0,0,0,0
1,Coastal OTB,LTARPON,2006,7,NPS,143.9465806,0.156137528,0.037134424,0.766058099,3.615127256
1,Coastal OTB,LTARPON,2006,8,NPS,6010585.439,6513.341094,1550.572642,31987.26665,150952.0487
1,Coastal OTB,LTARPON,2006,9,NPS,21139487.02,20965.45195,5453.430549,112500.59,530904.8354
1,Coastal OTB,LTARPON,2006,10,NPS,1053257.131,992.3176975,271.7125825,5605.247113,26451.88613
1,Coastal OTB,LTARPON,2006,11,NPS,824219.7276,745.4317324,207.2470564,4166.026944,19290.47169
1,Coastal OTB,LTARPON,2006,12,NPS,2948313.865,2532.397684,741.3428112,14902.28223,69003.88722
1,Coastal OTB,LTARPON,2007,1,NPS,4218594.457,4880.544435,1060.750252,21322.92832,98734.20181
1,Coastal OTB,LTARPON,2007,2,NPS,2055892.19,1882.165571,516.946623,10391.52786,48117.18132
1,Coastal OTB,LTARPON,2007,3,NPS,0,0,0,0,0
1,Coastal OTB,LTARPON,2007,4,NPS,495.816,0.504344557,0.124671132,2.506106984,11.60433825
1,Coastal OTB,LTARPON,2007,5,NPS,0,0,0,0,0
1,Coastal OTB,LTARPON,2007,6,NPS,50622.8136,50.30682585,12.72892259,255.873523,1184.802935
1,Coastal OTB,LTARPON,2007,7,NPS,133750.3645,148.4133866,34.50406923,711.7956507,3359.055742
1,Coastal OTB,LTARPON,2007,8,NPS,10034756.05,9936.815044,2588.702608,53403.18687,252016.5462
1,Coastal OTB,LTARPON,2007,9,NPS,690795.642,787.2494138,178.2070706,3676.29154,17348.89528
1,Coastal OTB,LTARPON,2007,10,NPS,2981691.029,2950.399548,769.1977071,15868.02933,74883.28282
1,Coastal OTB,LTARPON,2007,11,NPS,1276766.321,1151.235041,321.0382534,6453.428275,29882.11
1,Coastal OTB,LTARPON,2007,12,NPS,1073699.721,1302.123618,269.9778946,5427.026095,25129.43258
1,Coastal OTB,LTARPON,2008,1,NPS,2847455.294,2596.58135,713.203979,14506.83009,67420.56203
1,Coastal OTB,LTARPON,2008,2,NPS,3471472.821,3383.235154,869.5020547,17685.99018,82195.72372
1,Coastal OTB,LTARPON,2008,3,NPS,2902059.03,2828.454952,726.8806123,14785.01782,68713.44083
1,Coastal OTB,LTARPON,2008,4,NPS,4843130.688,4517.172785,1213.062093,24674.12716,114673.1236
1,Coastal OTB,LTARPON,2008,5,NPS,0,0,0,0,0
1,Coastal OTB,LTARPON,2008,6,NPS,6371.2356,6.36336422,1.595807523,32.45930937,150.8547951
1,Coastal OTB,LTARPON,2008,7,NPS,18651590.29,19939.89507,4792.813402,100055.1458,473876.7775
1,Coastal OTB,LTARPON,2008,8,NPS,21404856.54,21871.83006,5500.307571,114824.8492,543828.3964
1,Coastal OTB,LTARPON,2008,9,NPS,2365166.274,2536.675077,607.7659029,12687.76832,60091.24983
1,Coastal OTB,LTARPON,2008,10,NPS,0,0,0,0,0
1,Coastal OTB,LTARPON,2008,11,NPS,0,0,0,0,0
1,Coastal OTB,LTARPON,2008,12,NPS,0,0,0,0,0
1,Coastal OTB,LTARPON,2009,1,NPS,0,0,0,0,0
1,Coastal OTB,LTARPON,2009,2,NPS,0,0,0,0,0
1,Coastal OTB,LTARPON,2009,3,NPS,0,0,0,0,0
1,Coastal OTB,LTARPON,2009,4,NPS,0,0,0,0,0
1,Coastal OTB,LTARPON,2009,5,NPS,0,0,0,0,0
1,Coastal OTB,LTARPON,2009,6,NPS,347.0712,0.374892523,0.086931149,1.768211406,8.21777094
1,Coastal OTB,LTARPON,2009,7,NPS,14476227.79,14893.1334,3719.889698,77656.707,367794.2775
1,Coastal OTB,LTARPON,2009,8,NPS,17547088.18,17917.41292,4508.994572,94130.12181,445814.9396
1,Coastal OTB,LTARPON,2009,9,NPS,9458681.832,9244.432987,2430.553981,50740.43419,240314.611
1,Coastal OTB,LTARPON,2009,10,NPS,3088781.736,2898.462456,793.7100413,16569.55263,78475.98583
1,Coastal OTB,LTARPON,2009,11,NPS,93015.0816,80.30708472,23.29754797,473.8806567,2202.362612
1,Coastal OTB,LTARPON,2009,12,NPS,3972949.617,3508.189092,995.1072739,20240.84633,94069.42987
1,Coastal OTB,LTARPON,2010,1,NPS,6288066.465,5835.342798,1574.976096,32035.59051,148885.5597
1,Coastal OTB,LTARPON,2010,2,NPS,5465043.321,5110.139413,1368.832954,27842.56352,129398.4468
1,Coastal OTB,LTARPON,2010,3,NPS,8960674.645,9003.763212,2244.386005,45651.63318,212166.1829
1,Coastal OTB,LTARPON,2010,4,NPS,7783319.568,8197.855215,1949.493113,39653.40378,184289.3832
1,Coastal OTB,LTARPON,2010,5,NPS,1117241.386,1051.076272,279.8361763,5691.970296,26453.45909
1,Coastal OTB,LTARPON,2010,6,NPS,1761064.06,2210.616306,441.0948601,8972.030973,41697.55673
1,Coastal OTB,LTARPON,2010,7,NPS,16654139.56,17639.71369,4279.53767,89339.96166,423127.994
1,Coastal OTB,LTARPON,2010,8,NPS,23690968.15,23295.10798,6087.75916,127088.5343,601911.1222
1,Coastal OTB,LTARPON,2010,9,NPS,7510868.676,8431.784005,1930.03339,40291.52735,190826.9584
1,Coastal OTB,LTARPON,2010,10,NPS,139388.2723,161.7230213,35.81796345,747.7385941,3541.406617
1,Coastal OTB,LTARPON,2010,11,NPS,0,0,0,0,0
1,Coastal OTB,LTARPON,2010,12,NPS,0,0,0,0,0
1,Coastal OTB,LTARPON,2011,1,NPS,3227522.249,2977.998747,808.3995963,16443.14381,76419.58925
1,Coastal OTB,LTARPON,2011,2,NPS,2334762.129,2309.857959,584.7893885,11894.8303,55281.28053
1,Coastal OTB,LTARPON,2011,3,NPS,4734834.877,4232.605291,1185.93717,24122.39631,112108.9519
1,Coastal OTB,LTARPON,2011,4,NPS,11307331.79,12580.42098,2832.154745,57607.06459,267729.1074
1,Coastal OTB,LTARPON,2011,5,NPS,1193940.922,1401.613467,299.0471591,6082.72872,28269.51073
1,Coastal OTB,LTARPON,2011,6,NPS,0,0,0,0,0
1,Coastal OTB,LTARPON,2011,7,NPS,3954212.57,4072.5065,1016.095824,21212.09554,100463.7932
1,Coastal OTB,LTARPON,2011,8,NPS,19549385.12,20595.00367,5023.51561,104871.3031,496686.8495
1,Coastal OTB,LTARPON,2011,9,NPS,19587211.08,20187.44556,5033.235573,105074.2178,497647.8853
1,Coastal OTB,LTARPON,2011,10,NPS,3581055.051,3664.707816,920.2072516,19210.31824,90983.06369
1,Coastal OTB,LTARPON,2011,11,NPS,1425718.908,1344.94131,357.1007419,7263.559853,33757.42905
1,Coastal OTB,LTARPON,2011,12,NPS,535481.28,494.2316091,134.1223444,2728.097597,12678.84659
1,Coastal OTB,LTARPON,2012,1,NPS,206443.3877,183.7750564,64.16342013,898.6269619,3543.385136
1,Coastal OTB,LTARPON,2012,2,NPS,381094.4359,352.3280207,118.4456556,1658.86512,6541.087967
1,Coastal OTB,LTARPON,2012,3,NPS,41432.62413,45.32602962,12.87742319,180.3519771,711.1477199
1,Coastal OTB,LTARPON,2012,4,NPS,106600.44,101.614484,33.1318377,464.0208174,1829.685217
1,Coastal OTB,LTARPON,2012,5,NPS,112278.3329,118.0434294,34.89654924,488.7361048,1927.140318
1,Coastal OTB,LTARPON,2012,6,NPS,22611688.68,16922.23951,7027.802132,98426.3692,388106.02
1,Coastal OTB,LTARPON,2012,7,NPS,27215500.18,26663.36094,8544.228646,122879.6196,495962.0661
1,Coastal OTB,LTARPON,2012,8,NPS,11477316.71,10503.3983,3603.270839,51820.77499,209157.0491
1,Coastal OTB,LTARPON,2012,9,NPS,18950087.52,18042.83608,5949.325919,85560.78451,345337.1975
1,Coastal OTB,LTARPON,2012,10,NPS,4629777.864,4234.061719,1453.505553,20903.72542,84370.82472
1,Coastal OTB,LTARPON,2012,11,NPS,0,0,0,0,0
1,Coastal OTB,LTARPON,2012,12,NPS,0,0,0,0,0
1,Coastal OTB,LTARPON,2013,1,NPS,86727.81484,76.11194893,26.95534733,377.5173117,1488.592361
1,Coastal OTB,LTARPON,2013,2,NPS,306254.9186,269.2777527,95.18523805,1333.096352,5256.545817
1,Coastal OTB,LTARPON,2013,3,NPS,14634.56903,20.36273158,4.548481845,63.70278289,251.1870927
1,Coastal OTB,LTARPON,2013,4,NPS,173.5356,0.169000819,0.05393555,0.755382726,2.978557329
1,Coastal OTB,LTARPON,2013,5,NPS,389327.5185,324.8460458,121.0045301,1694.702886,6682.400231
1,Coastal OTB,LTARPON,2013,6,NPS,2448612.107,2103.438903,761.038312,10658.55818,42027.86942
1,Coastal OTB,LTARPON,2013,7,NPS,15102395.42,14049.444,4741.35396,68188.22333,275218.7241
1,Coastal OTB,LTARPON,2013,8,NPS,15780623.73,15802.35734,4954.281802,71250.46491,287578.4276
1,Coastal OTB,LTARPON,2013,9,NPS,17357278.62,16329.54388,5449.268109,78369.15656,316310.6211
1,Coastal OTB,LTARPON,2013,10,NPS,3942936.755,3508.096694,1237.873746,17802.59651,71854.1657
1,Coastal OTB,LTARPON,2013,11,NPS,1565291.112,1323.555748,486.4986587,6813.552189,26866.58711
1,Coastal OTB,LTARPON,2013,12,NPS,741084.9794,700.8453599,230.332138,3225.867153,12719.94966
1,Coastal OTB,LTARPON,2014,1,NPS,1983343.97,1753.079308,616.4311379,8633.293543,34042.0278
1,Coastal OTB,LTARPON,2014,2,NPS,3655934.691,3127.623346,1136.278939,15913.90996,62750.30063
1,Coastal OTB,LTARPON,2014,3,NPS,6351810.809,6000.831075,1974.167882,27648.7831,109022.1985
1,Coastal OTB,LTARPON,2014,4,NPS,2259359.14,2343.983161,702.2177425,9834.759358,38779.5399
1,Coastal OTB,LTARPON,2014,5,NPS,1353577.68,1288.888448,420.697288,5891.985263,23232.74717
1,Coastal OTB,LTARPON,2014,6,NPS,12395.4,12.63020407,3.852539268,53.955909,212.7540949
1,Coastal OTB,LTARPON,2014,7,NPS,6853104.776,6866.699801,2151.512695,30942.1801,124887.6553
1,Coastal OTB,LTARPON,2014,8,NPS,4273054.246,4629.842696,1341.513191,19293.09684,77870.06664
1,Coastal OTB,LTARPON,2014,9,NPS,29234224.71,26180.84639,9178.001451,131994.2822,532750.3221
1,Coastal OTB,LTARPON,2014,10,NPS,16554056.7,14463.12598,5197.098878,74742.5613,301673.0947
1,Coastal OTB,LTARPON,2014,11,NPS,11264409.86,9054.783301,3501.023064,49032.82452,193341.8303
1,Coastal OTB,LTARPON,2014,12,NPS,4095321.103,3926.868199,1272.841971,17826.51409,70291.90949
1,Coastal OTB,LTARPON,2015,1,NPS,1909835.25,1732.436459,477.6076734,9743.455279,45282.60168
1,Coastal OTB,LTARPON,2015,2,NPS,3735885.021,3493.687417,934.2624466,19059.46004,88578.63178
1,Coastal OTB,LTARPON,2015,3,NPS,3692709.615,3915.739471,923.4652298,18839.19097,87554.93368
1,Coastal OTB,LTARPON,2015,4,NPS,104865.084,110.2264881,26.22444464,534.9928777,2486.373539
1,Coastal OTB,LTARPON,2015,5,NPS,46374.79006,49.34296038,11.59731217,236.5914511,1099.556177
1,Coastal OTB,LTARPON,2015,6,NPS,3172726.584,3271.137589,793.4289422,16186.38026,75226.02494
1,Coastal OTB,LTARPON,2015,7,NPS,27842363.55,29229.1006,7142.464824,149500.9089,708015.7034
1,Coastal OTB,LTARPON,2015,8,NPS,34716820.4,36799.01534,8905.98487,186413.6352,882829.289
1,Coastal OTB,LTARPON,2015,9,NPS,12796292.03,13126.4358,3282.661887,68710.30488,325402.5358
1,Coastal OTB,LTARPON,2015,10,NPS,2092023.639,2157.354353,536.6715805,11233.22145,53198.98886
1,Coastal OTB,LTARPON,2015,11,NPS,2725118.69,2499.507052,681.4920802,13902.80763,64613.14618
1,Coastal OTB,LTARPON,2015,12,NPS,1667902.112,1496.297849,417.1055317,8509.178812,39546.31532
1,Coastal OTB,LTARPON,2016,1,NPS,2592726.268,2342.322571,648.3836555,13227.37783,61474.09358
1,Coastal OTB,LTARPON,2016,2,NPS,3009897.286,2840.439149,752.708926,15355.66987,71365.3075
1,Coastal OTB,LTARPON,2016,3,NPS,2896151.258,2826.094009,724.2635533,14775.36885,68668.3649
1,Coastal OTB,LTARPON,2016,4,NPS,2211522.767,2925.873333,553.0530675,11282.58219,52435.67715
1,Coastal OTB,LTARPON,2016,5,NPS,3032879.909,2933.274116,758.4563731,15472.9209,71910.2304
1,Coastal OTB,LTARPON,2016,6,NPS,6666690.032,6237.835608,1667.192139,34011.62283,158068.6445
1,Coastal OTB,LTARPON,2016,7,NPS,2610783.124,2712.788927,669.7501308,14018.72543,66390.75188
1,Coastal OTB,LTARPON,2016,8,NPS,18562631.31,19111.22614,4761.914013,99672.94071,472037.3125
1,Coastal OTB,LTARPON,2016,9,NPS,22491949.12,22656.7174,5769.910845,120771.6015,571957.6625
1,Coastal OTB,LTARPON,2016,10,NPS,3300455.183,3275.534092,846.6732721,17721.95269,83928.72588
1,Coastal OTB,LTARPON,2016,11,NPS,2568769.185,2420.230095,642.3925173,13105.15537,60906.06602
1,Coastal OTB,LTARPON,2016,12,NPS,1078139.916,995.9185629,269.619014,5500.373951,25562.92769
1,Coastal OTB,LTARPON,2017,1,NPS,0,0,0,0,0
1,Coastal OTB,LTARPON,2017,2,NPS,0,0,0,0,0
1,Coastal OTB,LTARPON,2017,3,NPS,0,0,0,0,0
1,Coastal OTB,LTARPON,2017,4,NPS,0,0,0,0,0
1,Coastal OTB,LTARPON,2017,5,NPS,0,0,0,0,0
1,Coastal OTB,LTARPON,2017,6,NPS,929580.6276,875.9299964,232.9169021,4770.016662,22168.10146
1,Coastal OTB,LTARPON,2017,7,NPS,3614234.738,3755.362544,929.3040287,19525.1776,92462.99194
1,Coastal OTB,LTARPON,2017,8,NPS,9029649.048,8855.19553,2321.733326,48780.86624,231005.5732
1,Coastal OTB,LTARPON,2017,9,NPS,27562667.9,26378.77702,7087.004629,148901.78,705135.9207
1,Coastal OTB,LTARPON,2017,10,NPS,2994950.902,2806.977077,770.071714,16179.621,76619.84935
1,Coastal OTB,LTARPON,2017,11,NPS,980699.2572,973.8584903,245.7252509,5032.324963,23387.14899
1,Coastal OTB,LTARPON,2017,12,NPS,575282.5095,503.7247855,144.1435159,2951.984018,13719.00474
1,Coastal OTB,LTARPON,2018,1,NPS,2795610.534,2599.580722,700.4717243,14345.29554,66668.10399
1,Coastal OTB,LTARPON,2018,2,NPS,3903090.114,3453.917412,977.9632138,20028.1765,93078.63683
1,Coastal OTB,LTARPON,2018,3,NPS,96684.12,138.573975,24.22529585,496.1214226,2305.667005
1,Coastal OTB,LTARPON,2018,4,NPS,0,0,0,0,0
1,Coastal OTB,LTARPON,2018,5,NPS,1896744.108,1751.845006,475.2506116,9732.884626,45232.45707
1,Coastal OTB,LTARPON,2018,6,NPS,1889356.45,1917.532534,473.3995505,9694.975861,45056.28046
1,Coastal OTB,LTARPON,2018,7,NPS,4005277.098,4210.915218,1029.850138,21637.70545,102467.0313
1,Coastal OTB,LTARPON,2018,8,NPS,9993347.415,10476.62949,2569.522648,53987.0532,255659.875
1,Coastal OTB,LTARPON,2018,9,NPS,13201613.91,13296.00633,3394.442776,71319.06889,337736.9787
1,Coastal OTB,LTARPON,2018,10,NPS,1014758.275,995.2231534,260.9180148,5482.027863,25960.56786
1,Coastal OTB,LTARPON,2018,11,NPS,251998.482,245.1061932,63.14105956,1293.095964,6009.51413
1,Coastal OTB,LTARPON,2018,12,NPS,10704393.89,9554.168212,2682.106521,54928.14252,255272.1977
1,Coastal OTB,LTARPON,2019,1,NPS,5575111.046,4992.545098,1396.906901,28607.92469,132952.0255
1,Coastal OTB,LTARPON,2019,2,NPS,5152944.857,4770.644195,1291.128405,26441.63626,122884.4503
1,Coastal OTB,LTARPON,2019,3,NPS,3278767.232,3212.019927,821.5320799,16824.54847,78190.14564
1,Coastal OTB,LTARPON,2019,4,NPS,83247.5064,78.59985568,20.85860089,427.1732659,1985.238411
1,Coastal OTB,LTARPON,2019,5,NPS,832011.2361,854.6138204,208.4697916,4269.35259,19841.32301
1,Coastal OTB,LTARPON,2019,6,NPS,11527226.18,10760.85372,2888.276426,59150.39464,274894.6267
1,Coastal OTB,LTARPON,2019,7,NPS,17520578.02,18170.3304,4504.949158,94651.40542,448229.0669
1,Coastal OTB,LTARPON,2019,8,NPS,19372810.65,19995.69542,4981.201357,104657.7203,495614.7468
1,Coastal OTB,LTARPON,2019,9,NPS,2056024.998,2047.780131,528.6519699,11107.2623,52599.30154
1,Coastal OTB,LTARPON,2019,10,NPS,2539673.513,2537.484897,653.009281,13720.07631,64972.48481
1,Coastal OTB,LTARPON,2019,11,NPS,860488.668,795.8450199,215.605133,4415.480661,20520.43634
1,Coastal OTB,LTARPON,2019,12,NPS,3503359.884,3224.544896,877.8063001,17977.01515,83546.10138
1,Coastal OTB,LTARPON,2020,1,NPS,1608986.896,1559.51148,403.1497993,8256.2976,38370.18942
1,Coastal OTB,LTARPON,2020,2,NPS,1450787.536,1335.238042,363.5111668,7444.519082,34597.54252
1,Coastal OTB,LTARPON,2020,3,NPS,167745.7486,181.7855029,42.03058773,860.7645129,4000.303647
1,Coastal OTB,LTARPON,2020,4,NPS,31856.178,36.58201148,7.981924401,163.4656482,759.6877183
1,Coastal OTB,LTARPON,2020,5,NPS,70485.84232,75.0359959,17.66102213,361.688521,1680.905623
1,Coastal OTB,LTARPON,2020,6,NPS,4799003.064,4591.022994,1202.4443,24625.43205,114443.851
1,Coastal OTB,LTARPON,2020,7,NPS,2009446.284,2123.694738,516.6754963,10855.63014,51407.67797
1,Coastal OTB,LTARPON,2020,8,NPS,5857306.322,6022.135902,1506.050037,31642.92152,149847.5076
1,Coastal OTB,LTARPON,2020,9,NPS,14727619.3,14440.79185,3786.814344,79563.00664,376776.785
1,Coastal OTB,LTARPON,2020,10,NPS,687632.8157,702.8396128,176.8064313,3714.798242,17591.71501
1,Coastal OTB,LTARPON,2020,11,NPS,2033713.278,1759.760186,509.5697807,10435.72331,48498.81866
1,Coastal OTB,LTARPON,2020,12,NPS,1892153.811,1745.249948,474.1004611,9709.330144,45122.99033
1,Coastal OTB,LTARPON,2021,1,NPS,860128.8015,800.0522666,215.5149644,4413.634055,20511.85446
1,Coastal OTB,LTARPON,2021,2,NPS,2724712.559,2513.419535,682.7074377,13981.49221,64977.37007
1,Coastal OTB,LTARPON,2021,3,NPS,307781.7805,331.0366478,77.11819365,1579.34038,7339.801987
1,Coastal OTB,LTARPON,2021,4,NPS,776199.948,818.5248089,194.4856443,3982.964549,18510.36767
1,Coastal OTB,LTARPON,2021,5,NPS,0,0,0,0,0
1,Coastal OTB,LTARPON,2021,6,NPS,3594666,3428.241121,900.6840763,18445.54007,85723.51685
1,Coastal OTB,LTARPON,2021,7,NPS,24297463.08,23592.25181,6247.444332,131262.1665,621602.1636
1,Coastal OTB,LTARPON,2021,8,NPS,14038390.28,14325.30008,3609.597491,75839.58521,359144.2342
1,Coastal OTB,LTARPON,2021,9,NPS,16606861.1,16659.07553,4270.011233,89715.23322,424853.4408
1,Coastal OTB,LTARPON,2021,10,NPS,251546.6497,250.6540366,64.67850926,1358.930276,6435.319654
1,Coastal OTB,LTARPON,2021,11,NPS,2591382.324,2442.896299,649.3000448,13297.32623,61797.7877
1,Coastal OTB,LTARPON,2021,12,NPS,350389.9684,326.0667365,87.79415529,1797.978505,8355.897421
